-- phpMyAdmin SQL Dump
-- version 4.9.0.1
-- https://www.phpmyadmin.net/
--
-- Хост: 127.0.0.1:3306
-- Время создания: Дек 13 2019 г., 07:08
-- Версия сервера: 5.6.43
-- Версия PHP: 7.1.32

SET SQL_MODE = "NO_AUTO_VALUE_ON_ZERO";
SET AUTOCOMMIT = 0;
START TRANSACTION;
SET time_zone = "+00:00";


/*!40101 SET @OLD_CHARACTER_SET_CLIENT=@@CHARACTER_SET_CLIENT */;
/*!40101 SET @OLD_CHARACTER_SET_RESULTS=@@CHARACTER_SET_RESULTS */;
/*!40101 SET @OLD_COLLATION_CONNECTION=@@COLLATION_CONNECTION */;
/*!40101 SET NAMES utf8mb4 */;

--
-- База данных: `yii2`
--

-- --------------------------------------------------------

--
-- Структура таблицы `article`
--

CREATE TABLE `article` (
  `id` int(255) NOT NULL,
  `article` varchar(30) NOT NULL,
  `content` text NOT NULL,
  `writer` varchar(255) NOT NULL,
  `status` tinyint(2) NOT NULL,
  `tag` varchar(255) NOT NULL,
  `created` int(255) NOT NULL,
  `last_edit` int(255) NOT NULL,
  `user_id` int(255) NOT NULL,
  `loves` int(255) DEFAULT '0',
  `word-num` int(255) DEFAULT NULL,
  `click` int(255) DEFAULT '0',
  `up` int(255) DEFAULT '0',
  `down` int(255) DEFAULT '0',
  `comments` int(255) DEFAULT '0'
) ENGINE=InnoDB DEFAULT CHARSET=utf8;

--
-- Дамп данных таблицы `article`
--

INSERT INTO `article` (`id`, `article`, `content`, `writer`, `status`, `tag`, `created`, `last_edit`, `user_id`, `loves`, `word-num`, `click`, `up`, `down`, `comments`) VALUES
(1, '写给我的小超仔', '<p>爱你么么哒！！！</p>', 'jj-jameholl', 1, '爱情  真心话', 1478326597, 1478326597, 1, 888, NULL, NULL, NULL, NULL, 20),
(2, '写给我的小超仔', '<p>爱你么么哒！！！</p>', 'jj-jameholl', 1, '爱情  真心话', 1478326861, 1478326861, 1, 345, NULL, NULL, NULL, NULL, 16),
(3, '试一下', '<p>     《菜根谭》是明代还初道人洪应明收集编著的一部论述修养、人生、处世、出世的语录世集。具有三教真理的结晶，和万古不易的教人传世之道，为旷古稀世的奇珍宝训。对于人的正心修身，养性育德，有不可思议的潜移默化的力量。其文字简炼明隽，兼采雅俗。似语录，而有语录所没有的趣味；似随笔，而有随笔所不易及的整饬；似训诫，而有训诫所缺乏的亲切醒豁；且有雨余山色，夜静钟声，点染其间，其所言清霏有味，风月无边。</p><p>       青年是人一生中最宝贵的时光，人在年轻时精力充沛，思维活跃，更具有冒险和探险精神。应该好好珍惜和利用年轻时的大好年华，努力学习和工作，不要留有遗憾。“少壮不努力，老大徒伤悲”，多少人垂暮之年回首往昔，都会感到悔恨遗憾。如果你在年轻的时候游手好闲，无所事事，当你老的时候，你也许会一无所有。没奋斗过，没努力过，就不该期许能有什么收获。</p><p><img src=\"/basic/web/uploads/1/0b98b31227-23.jpg\" style=\"width: 103px; height: 180px;\" width=\"103\" height=\"180\"></p><br>', 'jj-jameholl', 1, '哲学 道理', 1478350670, 1478350670, 1, 10, NULL, NULL, NULL, NULL, 10);

-- --------------------------------------------------------

--
-- Структура таблицы `auth_assignment`
--

CREATE TABLE `auth_assignment` (
  `item_name` varchar(64) COLLATE utf8_unicode_ci NOT NULL,
  `user_id` varchar(64) COLLATE utf8_unicode_ci NOT NULL,
  `created_at` int(11) DEFAULT NULL
) ENGINE=InnoDB DEFAULT CHARSET=utf8 COLLATE=utf8_unicode_ci;

--
-- Дамп данных таблицы `auth_assignment`
--

INSERT INTO `auth_assignment` (`item_name`, `user_id`, `created_at`) VALUES
('admin', '11', 1568277564),
('author', '2', 1568277564),
('author', '4', 1568278569);

-- --------------------------------------------------------

--
-- Структура таблицы `auth_item`
--

CREATE TABLE `auth_item` (
  `name` varchar(64) COLLATE utf8_unicode_ci NOT NULL,
  `type` smallint(6) NOT NULL,
  `description` text COLLATE utf8_unicode_ci,
  `rule_name` varchar(64) COLLATE utf8_unicode_ci DEFAULT NULL,
  `data` blob,
  `created_at` int(11) DEFAULT NULL,
  `updated_at` int(11) DEFAULT NULL
) ENGINE=InnoDB DEFAULT CHARSET=utf8 COLLATE=utf8_unicode_ci;

--
-- Дамп данных таблицы `auth_item`
--

INSERT INTO `auth_item` (`name`, `type`, `description`, `rule_name`, `data`, `created_at`, `updated_at`) VALUES
('admin', 1, NULL, NULL, NULL, 1568277564, 1568277564),
('author', 1, NULL, NULL, NULL, 1568277564, 1568277564),
('createPost', 2, 'Create a post', NULL, NULL, 1568277564, 1568277564),
('deleteOwnPost', 2, 'Delete own post', 'isAuthor', NULL, 1568280371, 1568280371),
('deletePost', 2, 'Delete a post', NULL, NULL, 1568280371, 1568280371),
('updateOwnPost', 2, 'Update own post', 'isAuthor', NULL, 1568278814, 1568278814),
('updatePost', 2, 'Update post', NULL, NULL, 1568277564, 1568277564);

-- --------------------------------------------------------

--
-- Структура таблицы `auth_item_child`
--

CREATE TABLE `auth_item_child` (
  `parent` varchar(64) COLLATE utf8_unicode_ci NOT NULL,
  `child` varchar(64) COLLATE utf8_unicode_ci NOT NULL
) ENGINE=InnoDB DEFAULT CHARSET=utf8 COLLATE=utf8_unicode_ci;

--
-- Дамп данных таблицы `auth_item_child`
--

INSERT INTO `auth_item_child` (`parent`, `child`) VALUES
('admin', 'author'),
('author', 'createPost'),
('author', 'deleteOwnPost'),
('admin', 'deletePost'),
('deleteOwnPost', 'deletePost'),
('admin', 'updatePost'),
('updateOwnPost', 'updatePost');

-- --------------------------------------------------------

--
-- Структура таблицы `auth_rule`
--

CREATE TABLE `auth_rule` (
  `name` varchar(64) COLLATE utf8_unicode_ci NOT NULL,
  `data` blob,
  `created_at` int(11) DEFAULT NULL,
  `updated_at` int(11) DEFAULT NULL
) ENGINE=InnoDB DEFAULT CHARSET=utf8 COLLATE=utf8_unicode_ci;

--
-- Дамп данных таблицы `auth_rule`
--

INSERT INTO `auth_rule` (`name`, `data`, `created_at`, `updated_at`) VALUES
('isAuthor', 0x4f3a32393a2264656b747269756d5c726261635c72756c655c417574686f7252756c65223a333a7b733a343a226e616d65223b733a383a226973417574686f72223b733a393a22637265617465644174223b693a313536383237383831343b733a393a22757064617465644174223b693a313536383237383831343b7d, 1568278814, 1568278814);

-- --------------------------------------------------------

--
-- Структура таблицы `comment`
--

CREATE TABLE `comment` (
  `id` int(255) NOT NULL,
  `username` varchar(255) NOT NULL,
  `content` text NOT NULL,
  `user_id` int(255) NOT NULL,
  `towho` int(255) DEFAULT '0',
  `parent_id` int(255) DEFAULT '0',
  `up` int(10) DEFAULT '0',
  `down` int(10) DEFAULT '0',
  `article_id` int(11) DEFAULT NULL,
  `createdTime` int(255) NOT NULL,
  `tousername` varchar(255) DEFAULT NULL
) ENGINE=InnoDB DEFAULT CHARSET=utf8;

-- --------------------------------------------------------

--
-- Структура таблицы `migration`
--

CREATE TABLE `migration` (
  `version` varchar(180) NOT NULL,
  `apply_time` int(11) DEFAULT NULL
) ENGINE=InnoDB DEFAULT CHARSET=utf8;

--
-- Дамп данных таблицы `migration`
--

INSERT INTO `migration` (`version`, `apply_time`) VALUES
('m000000_000000_base', 1567750255),
('m140209_132017_init', 1567751174),
('m140403_174025_create_account_table', 1567751176),
('m140504_113157_update_tables', 1567751182),
('m140504_130429_create_token_table', 1567751184),
('m140506_102106_rbac_init', 1567750272),
('m140830_171933_fix_ip_field', 1567751185),
('m140830_172703_change_account_table_name', 1567751185),
('m141222_110026_update_ip_field', 1567751186),
('m141222_135246_alter_username_length', 1567751187),
('m150614_103145_update_social_account_table', 1567751188),
('m150623_212711_fix_username_notnull', 1567751188),
('m151218_234654_add_timezone_to_profile', 1567751188),
('m160929_103127_add_last_login_at_to_user_table', 1567751189),
('m170907_052038_rbac_add_index_on_auth_assignment_user_id', 1567750272),
('m180523_151638_rbac_updates_indexes_without_prefix', 1567750273);

-- --------------------------------------------------------

--
-- Структура таблицы `posts`
--

CREATE TABLE `posts` (
  `id` int(11) NOT NULL,
  `name` varchar(255) CHARACTER SET utf8 COLLATE utf8_unicode_ci NOT NULL,
  `body` text CHARACTER SET utf8 COLLATE utf8_unicode_ci NOT NULL,
  `created_at` datetime NOT NULL DEFAULT CURRENT_TIMESTAMP,
  `updated_at` datetime NOT NULL DEFAULT CURRENT_TIMESTAMP,
  `author_id` int(11) NOT NULL,
  `updater_id` int(11) NOT NULL
) ENGINE=InnoDB DEFAULT CHARSET=utf8;

--
-- Дамп данных таблицы `posts`
--

INSERT INTO `posts` (`id`, `name`, `body`, `created_at`, `updated_at`, `author_id`, `updater_id`) VALUES
(1, 'Test post', 'It\'s Oke\r\n', '2019-09-09 18:03:10', '2019-12-13 00:14:59', 1, 11);

-- --------------------------------------------------------

--
-- Структура таблицы `profile`
--

CREATE TABLE `profile` (
  `user_id` int(11) NOT NULL,
  `name` varchar(255) COLLATE utf8_unicode_ci DEFAULT NULL,
  `public_email` varchar(255) COLLATE utf8_unicode_ci DEFAULT NULL,
  `gravatar_email` varchar(255) COLLATE utf8_unicode_ci DEFAULT NULL,
  `gravatar_id` varchar(32) COLLATE utf8_unicode_ci DEFAULT NULL,
  `location` varchar(255) COLLATE utf8_unicode_ci DEFAULT NULL,
  `website` varchar(255) COLLATE utf8_unicode_ci DEFAULT NULL,
  `bio` text COLLATE utf8_unicode_ci,
  `timezone` varchar(40) COLLATE utf8_unicode_ci DEFAULT NULL
) ENGINE=InnoDB DEFAULT CHARSET=utf8 COLLATE=utf8_unicode_ci;

--
-- Дамп данных таблицы `profile`
--

INSERT INTO `profile` (`user_id`, `name`, `public_email`, `gravatar_email`, `gravatar_id`, `location`, `website`, `bio`, `timezone`) VALUES
(1, NULL, NULL, NULL, NULL, NULL, NULL, NULL, NULL),
(2, NULL, NULL, NULL, NULL, NULL, NULL, NULL, NULL),
(4, NULL, NULL, NULL, NULL, NULL, NULL, NULL, NULL),
(11, NULL, NULL, NULL, NULL, NULL, NULL, NULL, NULL);

-- --------------------------------------------------------

--
-- Структура таблицы `social_account`
--

CREATE TABLE `social_account` (
  `id` int(11) NOT NULL,
  `user_id` int(11) DEFAULT NULL,
  `provider` varchar(255) COLLATE utf8_unicode_ci NOT NULL,
  `client_id` varchar(255) COLLATE utf8_unicode_ci NOT NULL,
  `data` text COLLATE utf8_unicode_ci,
  `code` varchar(32) COLLATE utf8_unicode_ci DEFAULT NULL,
  `created_at` int(11) DEFAULT NULL,
  `email` varchar(255) COLLATE utf8_unicode_ci DEFAULT NULL,
  `username` varchar(255) COLLATE utf8_unicode_ci DEFAULT NULL
) ENGINE=InnoDB DEFAULT CHARSET=utf8 COLLATE=utf8_unicode_ci;

-- --------------------------------------------------------

--
-- Структура таблицы `token`
--

CREATE TABLE `token` (
  `user_id` int(11) NOT NULL,
  `code` varchar(32) COLLATE utf8_unicode_ci NOT NULL,
  `created_at` int(11) NOT NULL,
  `type` smallint(6) NOT NULL
) ENGINE=InnoDB DEFAULT CHARSET=utf8 COLLATE=utf8_unicode_ci;

-- --------------------------------------------------------

--
-- Структура таблицы `user`
--

CREATE TABLE `user` (
  `id` int(11) NOT NULL,
  `username` varchar(255) COLLATE utf8_unicode_ci NOT NULL,
  `email` varchar(255) COLLATE utf8_unicode_ci NOT NULL,
  `password_hash` varchar(60) COLLATE utf8_unicode_ci NOT NULL,
  `auth_key` varchar(32) COLLATE utf8_unicode_ci NOT NULL,
  `confirmed_at` int(11) DEFAULT NULL,
  `unconfirmed_email` varchar(255) COLLATE utf8_unicode_ci DEFAULT NULL,
  `blocked_at` int(11) DEFAULT NULL,
  `registration_ip` varchar(45) COLLATE utf8_unicode_ci DEFAULT NULL,
  `created_at` int(11) NOT NULL,
  `updated_at` int(11) NOT NULL,
  `flags` int(11) NOT NULL DEFAULT '0',
  `last_login_at` int(11) DEFAULT NULL
) ENGINE=InnoDB DEFAULT CHARSET=utf8 COLLATE=utf8_unicode_ci;

--
-- Дамп данных таблицы `user`
--

INSERT INTO `user` (`id`, `username`, `email`, `password_hash`, `auth_key`, `confirmed_at`, `unconfirmed_email`, `blocked_at`, `registration_ip`, `created_at`, `updated_at`, `flags`, `last_login_at`) VALUES
(1, 'Shigure', 'kozanashvili_teimuraz@mail.ru', '$2y$12$tloTBqvtzarRdZB9J/8VbucXbJxVNgfR61kLYKU/EaPGuomnI0p7y', 'RpPGtekx_I9zRa-WWSbaZR9oTsFMGOzH', 1567943644, NULL, NULL, '127.0.0.1', 1567943497, 1567943497, 0, 1568281697),
(2, 'Shitsunen', 'lugia20102010@gmail.com', '$2y$12$baA1OnLk3iTCnH2SddfV9u3LucyMpNTALnlHwsy//240FlzNGRIwm', 'ULjIqE_Ul1wybClNE76DYbj_jnCMAoF4', 1568043014, NULL, NULL, '127.0.0.1', 1568041720, 1568041720, 0, 1568280545),
(4, 'Glack', 'shigure@mail.com', '$2y$12$OO4SoC.7EZNbzXLfuIXGoe6JvKdjbo.9UdvtdBNgJUXMOQMQZSGIC', 'w648DJ25ifOYw4H6dbhXYeQMBzmLOiQ9', 1568278566, NULL, NULL, '127.0.0.1', 1568278566, 1568278566, 0, 1568278584),
(11, 'VladShutov', 'vlad.shutoff3621@icloud.com', '$2y$12$Kg2Qs627JlB41ted7Kkz7egFiRKZVQ.ZE7v1LFwN0UpEw7Fnb0BT2', 'ZFRp_lOnDlGItdmlNdN6owYE_x1n3FlE', 1576185145, NULL, NULL, '127.0.0.1', 1576185146, 1576185146, 0, 1576185157);

--
-- Индексы сохранённых таблиц
--

--
-- Индексы таблицы `article`
--
ALTER TABLE `article`
  ADD PRIMARY KEY (`id`);

--
-- Индексы таблицы `auth_assignment`
--
ALTER TABLE `auth_assignment`
  ADD PRIMARY KEY (`item_name`,`user_id`),
  ADD KEY `idx-auth_assignment-user_id` (`user_id`);

--
-- Индексы таблицы `auth_item`
--
ALTER TABLE `auth_item`
  ADD PRIMARY KEY (`name`),
  ADD KEY `rule_name` (`rule_name`),
  ADD KEY `idx-auth_item-type` (`type`);

--
-- Индексы таблицы `auth_item_child`
--
ALTER TABLE `auth_item_child`
  ADD PRIMARY KEY (`parent`,`child`),
  ADD KEY `child` (`child`);

--
-- Индексы таблицы `auth_rule`
--
ALTER TABLE `auth_rule`
  ADD PRIMARY KEY (`name`);

--
-- Индексы таблицы `comment`
--
ALTER TABLE `comment`
  ADD PRIMARY KEY (`id`);

--
-- Индексы таблицы `migration`
--
ALTER TABLE `migration`
  ADD PRIMARY KEY (`version`);

--
-- Индексы таблицы `posts`
--
ALTER TABLE `posts`
  ADD PRIMARY KEY (`id`),
  ADD KEY `created_by` (`author_id`),
  ADD KEY `updater_id` (`updater_id`);

--
-- Индексы таблицы `profile`
--
ALTER TABLE `profile`
  ADD PRIMARY KEY (`user_id`);

--
-- Индексы таблицы `social_account`
--
ALTER TABLE `social_account`
  ADD PRIMARY KEY (`id`),
  ADD UNIQUE KEY `account_unique` (`provider`,`client_id`),
  ADD UNIQUE KEY `account_unique_code` (`code`),
  ADD KEY `fk_user_account` (`user_id`);

--
-- Индексы таблицы `token`
--
ALTER TABLE `token`
  ADD UNIQUE KEY `token_unique` (`user_id`,`code`,`type`);

--
-- Индексы таблицы `user`
--
ALTER TABLE `user`
  ADD PRIMARY KEY (`id`),
  ADD UNIQUE KEY `user_unique_username` (`username`),
  ADD UNIQUE KEY `user_unique_email` (`email`);

--
-- AUTO_INCREMENT для сохранённых таблиц
--

--
-- AUTO_INCREMENT для таблицы `article`
--
ALTER TABLE `article`
  MODIFY `id` int(255) NOT NULL AUTO_INCREMENT, AUTO_INCREMENT=4;

--
-- AUTO_INCREMENT для таблицы `comment`
--
ALTER TABLE `comment`
  MODIFY `id` int(255) NOT NULL AUTO_INCREMENT;

--
-- AUTO_INCREMENT для таблицы `posts`
--
ALTER TABLE `posts`
  MODIFY `id` int(11) NOT NULL AUTO_INCREMENT, AUTO_INCREMENT=2;

--
-- AUTO_INCREMENT для таблицы `social_account`
--
ALTER TABLE `social_account`
  MODIFY `id` int(11) NOT NULL AUTO_INCREMENT;

--
-- AUTO_INCREMENT для таблицы `user`
--
ALTER TABLE `user`
  MODIFY `id` int(11) NOT NULL AUTO_INCREMENT, AUTO_INCREMENT=12;

--
-- Ограничения внешнего ключа сохраненных таблиц
--

--
-- Ограничения внешнего ключа таблицы `auth_assignment`
--
ALTER TABLE `auth_assignment`
  ADD CONSTRAINT `auth_assignment_ibfk_1` FOREIGN KEY (`item_name`) REFERENCES `auth_item` (`name`) ON DELETE CASCADE ON UPDATE CASCADE;

--
-- Ограничения внешнего ключа таблицы `auth_item`
--
ALTER TABLE `auth_item`
  ADD CONSTRAINT `auth_item_ibfk_1` FOREIGN KEY (`rule_name`) REFERENCES `auth_rule` (`name`) ON DELETE SET NULL ON UPDATE CASCADE;

--
-- Ограничения внешнего ключа таблицы `auth_item_child`
--
ALTER TABLE `auth_item_child`
  ADD CONSTRAINT `auth_item_child_ibfk_1` FOREIGN KEY (`parent`) REFERENCES `auth_item` (`name`) ON DELETE CASCADE ON UPDATE CASCADE,
  ADD CONSTRAINT `auth_item_child_ibfk_2` FOREIGN KEY (`child`) REFERENCES `auth_item` (`name`) ON DELETE CASCADE ON UPDATE CASCADE;

--
-- Ограничения внешнего ключа таблицы `posts`
--
ALTER TABLE `posts`
  ADD CONSTRAINT `posts_ibfk_1` FOREIGN KEY (`author_id`) REFERENCES `user` (`id`),
  ADD CONSTRAINT `posts_ibfk_2` FOREIGN KEY (`updater_id`) REFERENCES `user` (`id`);

--
-- Ограничения внешнего ключа таблицы `profile`
--
ALTER TABLE `profile`
  ADD CONSTRAINT `fk_user_profile` FOREIGN KEY (`user_id`) REFERENCES `user` (`id`) ON DELETE CASCADE;

--
-- Ограничения внешнего ключа таблицы `social_account`
--
ALTER TABLE `social_account`
  ADD CONSTRAINT `fk_user_account` FOREIGN KEY (`user_id`) REFERENCES `user` (`id`) ON DELETE CASCADE;

--
-- Ограничения внешнего ключа таблицы `token`
--
ALTER TABLE `token`
  ADD CONSTRAINT `fk_user_token` FOREIGN KEY (`user_id`) REFERENCES `user` (`id`) ON DELETE CASCADE;
COMMIT;

/*!40101 SET CHARACTER_SET_CLIENT=@OLD_CHARACTER_SET_CLIENT */;
/*!40101 SET CHARACTER_SET_RESULTS=@OLD_CHARACTER_SET_RESULTS */;
/*!40101 SET COLLATION_CONNECTION=@OLD_COLLATION_CONNECTION */;
